,id,name,symbol,asset_id,x_coord,y_coord,z_coord,distancias
0,1,Bitcoin,BTC,1,20.705505638141165,2.9479057831067936,21.734135490715772,6.771191388537208
1,2,Ethereum,ETH,2,11.418325199938923,8.8484534537502,13.057340975557588,10.565201098887494
2,7,Tether,USDT,7,4.537235957069647,16.903347279172312,7.342703886069356,22.15929423941623
3,28,USD Coin,USDC,28,4.382161793697548,17.26972723623192,7.247970218695008,22.5307778686165
4,6,Binance Coin,BNB,6,3.7970811858751583,16.996931732485645,7.690366986467808,22.624752171316796
5,2231,Binance USD,BUSD,2231,3.409074624056669,17.801354663710445,6.852893968327825,23.67940542755186
6,3,XRP,XRP,3,3.646175581666356,17.37121130153939,7.511098391639231,23.023095679749233
7,11,Cardano,ADA,11,2.394784585742154,17.22268222082849,6.404292375652526,24.20980150476988
8,3079,Solana,SOL,3079,3.3058386358153937,16.51132367268934,6.795697053299792,22.990464934029564
9,29,Dogecoin,DOGE,29,3.2363604832693103,16.74838526117196,7.082890939013912,23.080691562863823
10,2780,Polkadot,DOT,2780,2.13323781088805,17.90352084633499,6.111256243342135,24.90674387211115
11,2917,Shiba Inu,SHIB,2917,3.7196085549784357,16.85816138036802,7.4628253873905175,22.66955631653209
12,78,Dai,DAI,78,2.6861022474379705,18.13386431177222,5.685339250422808,24.810639033951123
13,7781,Liquid Staked Ether,STETH,7781,2.5246098094858502,17.845353377954435,5.820192184786005,24.699041494586897
14,2545,Avalanche,AVAX,2545,2.3345671659155376,17.709859230869853,6.30114280188541,24.578803721107878
15,159,Polygon,MATIC,159,2.12637457268668,17.72928265390983,6.349828882022086,24.723343499311934
16,12,TRON,TRX,12,4.3500040623083285,18.29063040845305,7.273303600266128,23.204042501067253
17,2205,HEX,HEX,2205,3.423003484626785,18.180496399764312,6.702473291795826,23.960242776051217
18,1940,Wrapped Bitcoin,WBTC,1940,8.698161224377982,17.174289274389896,9.566361063176835,18.92528647709193
19,681,FTX Token,FTT,681,1.737185938173116,18.115742023833622,4.829929605843167,25.79624713422588
20,14,UNUS SED LEO,LEO,14,6.6311068562095885,19.682443820937433,3.9255906883636227,24.076415375434905
21,21,Ethereum Classic,ETC,21,2.8951363762160836,18.041564099452867,6.777570892989527,24.21638599308346
22,2113,OKB,OKB,2113,2.3950066112788333,18.174406366201836,5.4405409044621775,25.131288446532213
23,4,Litecoin,LTC,4,2.2825393512647696,17.924745934991613,6.540788448445477,24.662009511341196
24,3024,Uniswap,UNI,3024,2.509626566869301,17.835123892608998,6.316214884664389,24.523502760999435
25,18,Chainlink,LINK,18,2.0887094355873885,17.872692102684816,6.440128873845182,24.804892536764967
26,3377,Near Protocol,NEAR,3377,2.1960195200625257,18.124501023451828,5.9964503233338515,25.0358974058967
27,25,CRONOS,CRO,25,2.022693818458074,17.971898470511118,6.150404298131627,25.013129061409447
28,19,Cosmos,ATOM,19,3.1296484541750957,18.088164539689586,7.006665474077157,24.003226185239626
29,10,Stellar,XLM,10,2.193467463562209,18.04968314105189,6.222631918343278,24.9120002018739
30,13,Monero,XMR,13,3.3747707185264866,18.29416514820108,6.260354774100232,24.22170792732431
31,5,Bitcoin Cash,BCH,5,1.5824085856458046,18.09112215424661,5.463567706358747,25.649428497954684
32,3555,Flow,FLOW,3555,2.370851041743847,18.14124715110364,6.139047555763197,24.87088129725632
33,2108,Algorand,ALGO,2108,2.228261040765133,17.73329181277551,6.459102609678274,24.61405130220518
34,32,VeChain,VET,32,2.445333518979741,18.0134436976858,6.649368713731438,24.562224040233918
35,55431,Optimism,OP,55431,6.8842664932077415,19.893249619805946,4.141004947838111,23.98587337749333
36,1813,Filecoin,FIL,1813,2.904276998617012,18.3494474272481,6.152675466205978,24.620000663447236
37,12391,Internet Computer,ICP,12391,2.0780286041010476,18.069914173278637,6.323250166729903,24.971691163686874
38,36543,ApeCoin,APE,36543,2.316950594309756,17.900969143296372,6.300799631762977,24.706379838824787
39,2136,Hedera Hashgraph,HBAR,2136,2.7503225084738534,18.02104131359495,6.898803691391183,24.26545769889798
40,114,Decentraland,MANA,114,2.5696651855309005,18.23618176874326,5.957332295240363,24.85412734041131
41,2963,The Sandbox,SAND,2963,2.1639437424079193,18.07454193266842,6.2938158700771165,24.92316912850148
42,8,EOS,EOS,8,2.519919253463236,18.1003126048664,6.505012837431666,24.611734407845642
43,7665,Frax,FRAX,7665,3.5240395095645125,18.50812793866456,5.503544947935494,24.538581148881875
44,70,Quant,QNT,70,2.9235267299064347,18.083500531458526,6.8893151033149564,24.184729420029583
45,20,Tezos,XTZ,20,2.665396127385156,17.0996448267314,6.714337905707021,23.831505869358118
46,39,TrueUSD,TUSD,39,4.425226676015343,18.877080131389082,4.911336131058259,24.42204693002912
47,2128,Elrond,EGLD,2128,1.9928513354690547,17.977595218682755,6.296896775444612,24.986591750346697
48,64,Theta Token,THETA,64,2.5136357115638135,18.09623939778926,6.622841262915936,24.573281597897438
49,3154,Aave,AAVE,3154,1.7827990663897164,18.315333725676673,4.5830380874573535,25.97958722673909
50,2123,Chiliz,CHZ,2123,2.577817455951868,18.255513292366143,6.062326551489132,24.822270989655877
51,8288,Lido DAO,LDO,8288,3.5738178203998943,18.69591332910776,5.080793184984424,24.790559091543823
52,1930,Celsius,CEL,1930,3.135015456554254,18.263000575627512,6.870953589635213,24.15508819615723
53,2295,Compound USD Coin,CUSDC,2295,7.017327742244733,19.948326812458127,4.214117142829109,23.91925646216429
54,9,Bitcoin SV,BSV,9,1.6230949545410622,18.19791103073182,5.058551299379131,25.836399536602045
56,3465,Axie Infinity,AXS,3465,2.462909755364963,17.987312397726622,5.916630349408193,24.792673743765835
57,47,KuCoin Token,KCS,47,2.881884541191104,18.37040015454484,4.6767112684372565,25.21605377546523
58,1251,Helium,HNT,1251,2.5968054644829777,18.494851969095265,4.41768561355995,25.59193223183199
59,40,Paxos Standard,PAX,40,5.309070038716165,19.26318193127917,3.7824762419702465,24.620059888619164
60,9335,ECOMI,OMI,9335,3.8652242102010694,18.61145716928865,5.403013137850687,24.416198343883966
61,2293,Compound Dai,CDAI,2293,5.088911139000413,19.201453789505486,2.9695234990296413,25.09103506742015
62,44,BitTorrent,BTT,44,1.6327272713232686,18.281541158385945,4.646963093865439,26.039730813601356
63,26,Zcash,ZEC,26,2.462447165357492,18.114737129145716,6.450912591541284,24.680112103240557
64,17,IOTA,MIOTA,17,2.9428957511420712,18.649603928894077,3.2831999985478904,25.944909149227954
65,2180,Compound Ether,CETH,2180,4.922830157600353,19.106736363011155,3.6483637546888366,24.811441960715893
66,8030,The Graph,GRT,8030,1.7972441376620394,18.29691894594651,5.023706837563767,25.784927292618224
67,117,Fantom,FTM,117,1.8309617477905507,18.109105560921634,6.1690641369507055,25.22666149292477
68,16508,eCash,XEC,16508,1.7751568579872097,18.3533701685187,4.301441548938197,26.121447816178115
69,23,Maker,MKR,23,1.8942318972684076,18.227303730411666,4.880437419113767,25.731209927179375
70,4320,Escoin Token,ELG,4320,3.222677496522594,18.556340106118366,3.9779213024308135,25.39615102133244
71,2936,Klaytn,KLAY,2936,1.8638556808890638,18.279179608811646,5.1015249173991215,25.69733194794386
72,16,NEO,NEO,16,1.9087003887668488,18.200003869569443,5.3156982915344,25.53665872503528
73,36,Huobi Token,HT,36,5.18349023981242,19.308605685640405,2.97602644750842,25.101305162768995
74,2185,BTSE Token,BTSE,2185,8.735236700917616,20.82619558367254,5.533321317884001,23.114630571180008
75,2122,GateToken,GT,2122,3.000090238299025,18.243102439216603,5.91700174401709,24.573358769134835
76,140,Synthetix,SNX,140,2.0147005920691856,18.3393128543575,4.89183970744892,25.708761505305542
77,2222,Thorchain,RUNE,2222,1.7074211136197808,18.17097633437311,5.778381871297325,25.49147320505761
78,9041,PancakeSwap,CAKE,9041,3.1652790462741907,17.90692519132861,7.048111696741082,23.850718560185737
79,3086,Arweave,AR,3086,2.4313649632264505,18.28507703716493,5.851216570308964,25.019807260065036
80,2297,PAX Gold,PAXG,2297,4.2048676537820455,18.559848853332447,4.854550627834233,24.38288836738319
81,1790,Terra Classic,LUNC,1790,2.301571209237631,17.994130353669227,6.355747852536109,24.754422269837875
82,71,Zilliqa,ZIL,71,2.4107902945315387,18.10262797572295,6.645965048536565,24.642637233184036
83,3713,AMP Token,AMP,3713,1.9119879455120738,18.260964825649495,4.999988402218297,25.69189482013307
84,31,Basic Attention Token,BAT,31,1.376113810945598,18.170162053084635,5.297458014501509,25.906027763438793
85,2004,Curve DAO Token,CRV,2004,1.8503971304265485,18.2551091007427,5.427831706243683,25.568590963187344
86,20323,Wonderland,TIME2,20323,3.9704053813095137,18.733390432316426,4.206175455430343,24.919753739437542
87,85,Enjin Coin,ENJ,85,1.9922469542540038,18.199123162521786,5.735332264297107,25.320477541291645
88,2294,NXM,NXM,2294,6.5631859494299745,19.68815451930154,5.117346626834586,23.59468819001044
89,830,Stacks,STX,830,1.7961529167174326,18.22804401507943,5.213376441582361,25.671995906647126
90,15,Dash,DASH,15,1.7904401036112567,18.300296091765418,4.43089293625641,26.026777676860732
91,90,Nexo,NEXO,90,2.0024366611623483,18.300650955683682,4.918737938242493,25.683731242967177
92,48,Waves,WAVES,48,1.610012268476058,18.322499977294935,4.477496466052715,26.147537837083963
93,2766,Compound USDT,CUSDT,2766,7.4028266077307086,20.129720979101567,4.230362523732824,23.834873812692784
94,116,Loopring,LRC,116,1.5301194877642168,18.157855119393737,5.8108614832548025,25.59955711798015
95,7589,Frax Share,FXS,7589,2.0161330751769544,18.350870143062117,5.062909287765361,25.647893783741388
96,2143,Kava,KAVA,2143,1.8643117505652214,18.369861287335365,4.227254582280659,26.09957601394341
97,12687,Mina Protocol,MINA,12687,2.62081029593403,18.548987609426458,4.402336327929928,25.614795055871987
98,2685,DeFiChain,DFI,2685,6.979421706248366,19.97192625821755,3.609399490910065,24.234841034670943
99,2761,Trust Wallet Token,TWT,2761,2.941176391931583,18.48416474328526,5.442145947139877,24.942241174043787
100,30,Bitcoin Gold,BTG,30,2.939632944021296,18.39493024925631,5.16707276398425,24.99492867549277
101,2921,Kusama,KSM,2921,1.4369982147481806,18.15666586130793,5.599039036401072,25.742719793170853
102,2141,Tether Gold,XAUT,2141,4.36084339781138,18.704341235922968,4.009637114731836,24.738585837350733
103,197,Gnosis,GNO,197,2.585956220024556,18.294849322390927,5.564913082773595,25.0240324828186
104,35,Decred,DCR,35,2.243442495973129,18.260201179664698,5.476277452198535,25.275885060767997
105,2770,Celo,CELO,2770,1.685781823174465,18.240602206080077,5.3502302949646445,25.706119862642783
106,22,NEM,XEM,22,3.617303987403686,18.803249955032665,3.548388852861655,25.480871956187887
107,670,XinFin Network,XDCE,670,3.045466188875565,18.52242016576529,4.896763416652826,25.109303734158047
108,3267,Gala Token,GALA,3267,1.9792589283379578,18.3702806568275,5.295211919907595,25.59639716680917
109,46,Holo,HOT,46,1.6351792207752645,18.400945288638262,4.260400358303551,26.2639440773963
110,2179,Tokenize Xchange,TKX,2179,6.5468097911706264,19.827231466705967,3.5045789064236184,24.41902438156944
111,2070,Rocket Pool,RPL,2070,3.9846761781417848,18.854650339538896,3.8486101509094492,25.143866649233164
112,34,Qtum,QTUM,34,2.9679729871824883,18.671729644957672,4.306581983708962,25.495926009877113
113,3487,Oasis Network,ROSE,3487,3.3048718201616833,18.480493687554752,6.1172975878048845,24.439218315962375
114,24391,STEPN,GMT,24391,2.4515002621457596,18.11875558682087,6.325038250312589,24.734218704095696
115,1543,Compound,COMP,1543,2.290906087267072,18.492335287205265,4.652346511792312,25.704054010470735
116,41,Ravencoin,RVN,41,2.188314161698037,18.184496315432657,6.172979500851307,25.0148230385135
117,14226,Convex Finance,CVX,14226,2.04874203562305,18.452316534700188,4.443315921839752,25.931936439808304
118,2239,Kadena,KDA,2239,2.154444732536771,18.216800520355548,6.0778242898058155,25.09223147278768
119,20992,Ethereum Name Service,ENS,20992,1.9981396819047712,18.232485403756947,6.057267396076705,25.220389626513562
120,366,Gemini Dollar,GUSD,366,4.732709975079568,19.16865499009504,2.6786489147835875,25.423045479621905
121,59,IOStoken,IOST,59,3.4308344690707337,18.63917617468728,4.294757152272152,25.173861488517588
122,2763,Serum,SRM,2763,1.8536788799632617,18.4272445645,4.301358538547915,26.110338453667886
123,215,Ankr,ANKR,215,2.2848567603964773,18.20870173609714,6.193415451838803,24.953693912948964
124,3490,Beowulf,BWF,3490,10.622307643367671,21.457147332242165,8.977991093718536,21.560890353764794
125,161,IoTeX,IOTX,161,2.1158449593694266,18.323968180137918,5.144619147099253,25.530286603540393
126,2847,Sushi Swap,SUSHI,2847,1.6803191869271454,18.265878788003658,5.472899956949343,25.679240555226425
127,152,Harmony,ONE,152,2.5568408902830937,18.211014935225183,6.506410354608982,24.653191277212713
128,2242,yearn.finance,YFI,2242,4.345622108637916,17.726955781267375,5.625794968372059,23.448208752993676
129,38,OMG Network,OMG,38,3.127957963275419,18.423968208257147,5.425861025211962,24.78363845134293
130,1912,livepeer,LPT,1912,2.9637096536017755,18.671939122563163,3.8173076406525333,25.70792626860275
131,49,0x,ZRX,49,1.4085270236436709,18.334684969723305,3.998615810620815,26.491996614705503
132,2819,JUST,JST,2819,1.171553544322783,18.32625027909225,4.011596619375049,26.648627589559073
133,86,Golem,GNT,86,9.415082283739213,21.055552497724456,8.704919591275328,21.85569711563565
134,52873,Pax Dollar,USDP,52873,3.449056679898839,18.747555447470546,3.8548523115263884,25.419157034690375
135,3366,Audius,AUDIO,3366,1.5487086361223878,18.371467926626902,4.136964382187615,26.357877798637062
136,30482,Cronosphere,SPHERE,30482,8.091174843752158,20.458068463671747,6.212369811794211,22.887260985294795
137,218,SingularityNET,AGI,218,11.318784217029014,22.077192833209068,8.471059647466435,21.95290085598915
138,298,Flux,FLUX,298,2.6214305718269593,18.235727212334883,6.572437271177124,24.600119361636374
139,50218,Terra,LUNA,50218,1.9745089003280814,18.181596658719993,6.150992433350616,25.173480915579148
140,52,ICON,ICX,52,1.4965147357621758,18.330050431765176,4.425804465458619,26.252676518158008
141,24,Ontology,ONT,24,2.1007022322775653,18.34316380365589,5.007122842336736,25.605763608444835
142,2699,Balancer,BAL,2699,2.0109229142324803,18.466517796601078,4.4403780477454955,25.967781632723252
143,16592,TerraClassicUSD,USTC,16592,4.431380635926723,18.990620803262992,5.403992399201296,24.293316456419266
144,3510,NuCypher,NU,3510,1.3863191113004778,18.35035826627072,4.012644927885894,26.5108390400967
145,2219,WAX Protocol Token,WAXP,2219,2.4144276441674726,18.306039411269214,5.495078820151852,25.1767893937387
146,279,Reserve Rights,RSR,279,10.057642166124053,21.313140060372405,8.312431325182823,21.88481557948449
147,63,Siacoin,SC,63,4.036314903547814,19.019971013375937,1.9479103285229813,26.11198494791945
148,2818,Hive,HIVE,2818,2.214827747967366,18.445388092470058,4.2847202425086195,25.87836133998426
149,103,Horizen,ZEN,103,2.2147331567707975,18.45592399834338,4.347385795967385,25.858837806587367
150,2493,UMA,UMA,2493,1.776162282191436,18.446066761620322,4.191480312969503,26.220475537151877
151,1644,Secret,SCRT,1644,1.9044194140376867,18.195189314813216,5.865554660132468,25.3334148255441
152,441,Constellation,DAG,441,3.1057127867428496,18.41323548496788,6.052512154333031,24.55691974388187
153,2121,Swipe,SXP,2121,1.290722880544088,18.33139210234174,4.34574233665318,26.431077172247967
154,3435,WOO Network,WOO,3435,2.4679614743322404,18.597353046342114,4.244233112489669,25.813491012573248
155,3672,Skale Network,SKL,3672,2.5752708810655234,18.59317805252774,4.680397674038862,25.559001913456214
156,10982,CoinMetro,XCM,10982,9.762739497608795,21.054656783930483,7.943276475708038,21.92189501566052
157,2144,Origin Protocol,OGN,2144,2.276272239519385,18.54966868008443,4.41160847632976,25.84640703940417
158,165,Polymath,POLY,165,1.1038703072016514,18.292022828993996,4.672203976392789,26.411608248547942
159,2924,Ergo,ERG,2924,2.7086447212458906,18.401510486291212,5.202133400962187,25.143501795254707
160,451,Machine Exchange Coin,MXC,451,4.005275061929544,18.989844462387087,2.3496316972895093,25.914053522559648
161,552,SwissBorg,CHSB,552,2.282132138561301,18.41007472517207,4.5974713130104075,25.682792832447774
162,53,DigiByte,DGB,53,2.5684468696500447,18.283554796085284,6.01409740177762,24.86347797967723
163,2208,Energy Web Token,EWT,2208,2.447113413542917,18.442494878307443,4.694782870236449,25.549402648108014
164,12407,Casper Network,CSPR,12407,1.6314040840910626,18.34361608582181,4.881637293978832,25.984863562498003
165,3132,PlayDapp Token,PLA2,3132,5.396380233859761,19.526707387007004,3.3415645522455373,24.94627997155511
166,2323,Render Token,RNDR,2323,2.1107793973341926,18.422411151484457,4.2535310518592535,25.949211439842028
167,43,Lisk,LSK,43,3.593143227208581,18.952845210647254,2.2324889938037646,26.204723939990377
168,655,CEEK VR,CEEK,655,2.0576655998690985,18.440471286822987,4.625994156698658,25.84483535490556
169,12242,SafeMoon,SFM,12242,4.044191279837748,17.747349702395194,6.754872333016364,23.239068083810942
170,106,Function X,FX,106,4.97701005904969,19.299731089167906,2.788628018818696,25.307885451136784
171,2232,Nervos Network,CKB,2232,1.3830799650089611,18.35299969816864,4.053511230460011,26.497734388111038
172,16332,Mask Network,MASK,16332,2.9079540411622755,18.74407416573822,3.432923503990035,25.957872891664923
173,76,REN,REN,76,2.5369775384259468,18.473447346913886,4.671741905993684,25.51583119452634
174,2667,NEST Protocol,NEST,2667,4.033955135637344,18.912539377321103,5.1315689963627245,24.60710118074019
175,130,EURS,EURS,130,4.248239613521366,18.96049117614539,4.316584671386447,24.839295419566703
176,2032,WINk,WIN,2032,4.610237430718012,19.217384491644722,2.199153482656106,25.762570198823465
177,42,Nano,NANO,42,3.629553434355212,18.85732349578487,3.3305028785272284,25.605143863619734
178,194,Civic,CVC,194,3.6698798132710304,18.96198648924515,2.959014277888194,25.815560717442455
179,123,Orbs,ORBS,123,4.656713553519554,19.08805837881521,3.6318716659184043,24.969509470533566
180,82,Status,SNT,82,3.9114084817330173,19.001552704331004,1.898208415680693,26.20208786929155
181,374,MediBloc,MED,374,5.940308691926332,19.644158433919948,2.4284833721435706,25.1544421519584
182,461,Mass Vehicle Ledger,MVL,461,4.34691748490731,18.9805360442693,3.510092219475765,25.14785289625025
183,45076,Alta Finance,ALTA,45076,10.395846576552236,21.643238213780194,6.606955280870431,22.588786902668904
184,1886,CoinEx Token,CET,1886,6.429041647722243,19.56175970977795,6.672515546720859,22.974111356117504
185,2167,PlatonCoin,PLTC,2167,5.753007220831929,19.523544403529783,2.8874675017340583,24.95431358355978
186,351,Numeraire,NMR,351,4.515336678861498,19.182227301917166,3.031567040659796,25.394540084871515
187,3570,e-Radix,EXRD,3570,3.228075990342072,18.678124565802595,4.739773501987127,25.147033079015277
188,2996,MX Token,MX,2996,3.167555716554497,18.762898799549077,2.7421826508283194,26.116168273423597
189,3379,TitanSwap,TITAN,3379,4.354039340260548,19.02978858367082,3.5331707123146083,25.164228200288942
190,3660,API3,API3,3660,2.5224009942237458,18.517861829902536,4.665255191351709,25.555380119233995
191,7291,Rally,RLY,7291,3.551898106085441,18.904643393625648,2.4781028825919242,26.082477735252613
192,148,Celer Network,CELR,148,2.0332887320957647,18.374240816116885,5.526468673626665,25.473864847093154
193,2817,Conflux Network,CFX,2817,3.4661956024125447,18.772385484966215,3.304700106066752,25.669337181802927
194,84,Ardor,ARDR,84,4.168095447813303,19.032383669752324,2.887015519502388,25.581456583010805
195,466,COTI,COTI,466,1.6860912045944652,18.489752335972632,4.14248945326859,26.32901855498198
196,3378,Injective Protocol,INJ,3378,2.101683115489565,18.52602824731443,4.723577713975378,25.826578469388092
197,1252,sUSD,SUSD,1252,4.7100957634647305,19.129697542109596,3.523331174322278,25.013241327277807
198,8268,Prometeus,PROM,8268,4.714465725658166,18.59590477697413,7.499952697881555,23.089619169629835
199,2296,Velas,VLX,2296,6.9732581434627114,19.788940237981283,7.508538135040712,22.53190002164724
200,176,iExec RLC,RLC,176,2.714351046880967,18.353798364320276,6.01639260944622,24.803991325798386
201,143,Bancor,BNT,143,2.396664549498194,18.491590658558334,5.071677511382625,25.464453411632675
202,166,Telcoin,TEL,166,3.064967623918296,18.5348133896395,4.979507039572759,25.070620810020444
203,182,Syscoin,SYS,182,2.198957034941966,18.24100325706651,6.023286012039101,25.09475453052703
204,2368,Tellor,TRB,2368,4.351728594466759,19.003270927609012,5.6811296257040125,24.244884479341543
205,142,Power Ledger,POWR,142,4.053367337125048,19.053053762490915,2.455401367746111,25.872042502099447
206,111,Dent,DENT,111,2.041630802343051,18.515858438630943,3.7250820334984485,26.274867506389608
207,2158,Chromia,CHR,2158,1.9834863323120813,18.434082574394395,4.838435513468834,25.80819758265078
208,2140,WazirX,WRX,2140,4.209655411162732,18.980999180956502,5.113762786717107,24.545162523260146
209,77,Steem,STEEM,77,4.116708616746894,19.092006438610902,2.0119075494792154,26.075317100447545
210,305,Request Network,REQ,305,3.357811146942401,18.84779223580489,3.171587827716503,25.84620481013599
211,411,XYO,XYO,411,3.159080303946577,18.781473666990465,3.021077110800778,26.00319366724431
212,910,Uquid Coin,UQC,910,4.5335958699939685,19.095469952737915,3.751507657345407,24.99604748145026
213,2216,Cartesi,CTSI,2216,1.556735090611353,18.474391209581484,4.105265323691431,26.425481026695042
214,11880,Raydium Protocol,RAY,11880,2.714610516257392,18.347693833787567,5.9921182700274915,24.80883570185294
215,2820,Keep Network,KEEP,2820,3.5199082282444434,18.734080399617078,3.913644695556668,25.33894206085681
216,515,AdShares,ADS,515,3.5271438411256586,18.74881230232991,4.385136047779729,25.14071231467254
217,226,NKN,NKN,226,3.4857947953699093,18.754098096060947,5.576555863088812,24.692344557826594
218,1867,VeThor Token,VTHO,1867,3.4740058902343653,18.868750187453752,3.320502584116008,25.71646114292289
219,100,Stratis,STRAX,100,2.608829133872878,18.48269573209705,4.651967511872996,25.480354542330392
220,292,Pirate Chain,ARRR,292,3.745946024738168,18.923217445951753,2.7082921718799113,25.861732459246728
221,7753,ankrETH,AETH,7753,11.509393297117567,22.171514861814995,7.623092806476493,22.2273737544876
222,4191,inSure,SURE,4191,9.14892283236793,21.028141435129267,6.010552965788356,22.88165023078159
223,31757,Hedron,HDRN,31757,3.5990023440433165,18.6596556313401,5.948645737258565,24.41607160442699
224,2112,Beldex,BDX,2112,5.172661263349554,19.404625741719578,3.9184528676608594,24.733831215230634
225,190,FunFair,FUN,190,7.009939663201924,20.11340023538658,3.214322423447104,24.50535311128256
226,335,WhiteCoin,XWC,335,5.6159799748117525,19.57453292904823,3.090583233761045,24.968968373024428
227,2681,LUKSO Token,LYXE,2681,2.519017092118832,18.607527082718143,3.9014870716981758,25.929840999957875
228,881,AiLink Token,ALI,881,6.698743148456083,20.05793343597754,3.137218029861518,24.67026799627493
229,2238,Ultra,UOS,2238,2.496143519578905,18.53729463646422,3.8570718995260873,25.922140400819732
230,431,OriginTrail,TRAC,431,2.466760583780051,18.570272147414304,4.140844367192166,25.841229077359625
231,162,Storj,STORJ,162,2.0915831775387836,18.56888287927169,3.782069421485436,26.247732733702225
232,3182,Venus,XVS,3182,2.9221904236360605,18.549915716716043,5.513503866100022,24.96888198582427
233,2558,StormX,STMX,2558,4.250732646696419,19.108592111293056,4.665905395734252,24.785473028848195
235,2236,HXRO,HXRO,2236,4.517391451188395,19.18213881237208,2.896169141780299,25.45732714687472
236,268,Voyager Token,VGX,268,2.502020396706113,18.60834779971529,4.216797557503407,25.80847275896097
237,205,Metal,MTL,205,2.291634384581498,18.56985284537983,4.168275521438474,25.9486567200614
238,12465,Illuvium,ILV,12465,1.8174588585468898,18.499303277148314,3.9042981059524577,26.34288907768519
239,448,STP Network,STPT,448,5.267310171295764,19.490593001168897,3.168603715688616,25.079348977902576
240,3002,Alchemy Pay,ACH,3002,3.412931046497984,18.74373841000054,5.143933593494935,24.902574176180952
241,244,Storm,STORM,244,5.227784728704007,19.417781404024428,3.15697051760392,25.06031200070629
242,7909,REEF,REEF,7909,1.8789815017909992,18.41350204424676,4.81189132994012,25.879430344452736
243,16786,Mdex,MDX2,16786,2.2110825982987237,18.49207394041515,4.311447631770582,25.897781546461143
244,119,Ark,ARK,119,7.727296624816942,20.41941108848722,4.184522323040491,23.896227488575484
245,444,Ocean Protocol,OCEAN,444,1.7520243331923815,18.515312258216515,3.918412808710395,26.3915726148428
246,3613,Klever,KLV,3613,2.6341630891366568,18.4370343372915,5.63502771368783,25.05148751409416
247,3507,BarnBridge,BOND,3507,4.463105855854859,19.08458351543613,5.301277019165674,24.375687353803485
248,42935,Floki Inu (ERC-20),FLOKI,42935,3.370573229469467,18.347280448747657,6.355233125885199,24.22413767705142
249,144,QuarkChain,QKC,144,5.677978946729539,19.650569396811907,1.873657869936771,25.586375397930915
250,89,aelf,ELF,89,5.753948876743625,19.692606299136667,2.8359093673249594,25.09099795911562
251,3157,DODO,DODO,3157,2.4096952803843124,18.641122766859365,4.485841516138904,25.78005178739268
252,18377,Moonriver,MOVR,18377,2.3133083415776765,18.613621772721192,4.361271426316687,25.880239418255094
253,2138,Orchid Protocol,OXT,2138,4.179202567769655,19.1537679624701,2.7567171094873735,25.71263943499599
254,184,Metadium,META,184,6.007035170007146,19.754342230130007,2.36587920815793,25.221658479976902
255,12183,Aavegotchi,GHST,12183,3.6751550575874825,18.72059385830255,5.540932392855619,24.5583304328295
256,13012,Ampleforth Governance Token,FORTH,13012,2.4484929801834223,18.52762978421575,4.777255711632204,25.566915851695743
257,160,Aragon,ANT,160,2.7301059732301742,18.744024008459636,3.4831061231005744,26.053068461249953
258,127,Veritaseum,VERI,127,8.594464276381292,20.82867659771864,4.946309388999758,23.43127502443043
259,99,RIF Token,RIF,99,7.056466854721848,20.150524782573395,3.583438837152539,24.331325886305812
260,3127,cVault.finance,CORE,3127,6.832742291515976,18.959420748035676,6.651732358304659,22.310835008843593
261,169,Fetch,FET,169,2.0931078832378027,18.529218010730474,4.662983060219296,25.858602369800828
262,7444,XSGD,XSGD,7444,4.03430004763112,19.021823898902316,3.024893227151991,25.59307715452793
263,316,Blox,CDT,316,8.996140925906216,21.111840513231442,5.073141634759733,23.402269084488122
264,220,UTRUST,UTK,220,2.829932938935622,18.51871787265366,5.171144512009717,25.144546277399098
265,27121,Threshold Network Token,T,27121,7.318702080064999,20.27703758846742,3.658479962515174,24.247503408147686
266,2974,Compound Basic Attention Token,CBAT,2974,6.967055824724084,20.129229871671452,3.3562781203195584,24.471297658354143
267,2220,Ampleforth,AMPL,2220,4.329046940889243,19.148624108831193,4.133167188353327,24.98889524859908
268,7317,Rari Governance Token,RGT,7317,4.8631505930565755,19.34126801656623,3.046573132348359,25.279352528061906
269,15180,SuperFarm,SUPER2,15180,4.477665234342035,19.177926902583767,4.97059910071162,24.56129226732877
270,3238,Alpha Venture DAO,ALPHA,3238,2.0988038080190243,18.57711477044947,4.3810706234088315,25.997326608337637
271,3740,Efforce,WOZX,3740,5.338955471451179,19.53235964140114,4.201285860147273,24.594254797715983
272,2156,VERAsity,VRA,2156,2.5314229821843086,18.346789198744442,6.156859110635301,24.877223770493597
273,247,Everipedia,IQ,247,4.922615445889915,19.359089851636238,2.859719446168815,25.344304245572747
274,2187,FLEX Coin,FLEX,2187,12.170712748532685,22.69185728642146,8.847747518407134,22.066200235927436
275,72,Verge,XVG,72,2.5646275665361946,18.565603746572553,4.58877478282227,25.586594974941477
276,2151,Band Protocol,BAND,2151,2.636085573656669,18.598612316319844,4.601869706720881,25.552756093936875
277,10507,Telos,TLOS,10507,2.6820835844780317,18.427510566943106,5.66880314261771,24.999790920313064
278,73,GXChain,GXC,73,5.484887834222319,19.54208888585063,3.485866772692539,24.83756127055706
279,7431,TrueFi,TRUFI,7431,2.594891196867376,18.561218616843476,4.548449619010496,25.579762365128467
280,179,ThunderCore,TT,179,6.9761445999262355,20.099038282121583,3.733637325233756,24.267856262448397
281,7421,Perpetual Protocol,PERP,7421,2.5586444919500524,18.603839401868928,4.823763279561794,25.519335411171987
282,3666,Unifi Protocol DAO,UNFI,3666,2.605260159645127,18.59771792270678,5.279626849555707,25.30516612658047
283,436,Divi,DIVI,436,4.163359561195917,19.0043326869042,3.9773853715008536,25.068623384411804
284,253,Aergo,AERGO,253,3.6209074261074012,18.983984289801825,2.7245661110552577,25.970150259146138
285,3405,Keep3rV1,KP3R,3405,5.522073335977178,19.584939657991907,2.6235871018257155,25.255616804468474
286,3134,Polkastarter,POLS,3134,2.7271592218179976,18.63636357595126,4.029392293918915,25.75269166259108
287,277,Dusk Network,DUSK,277,2.9434356778164488,18.787686064830943,3.6815180638934093,25.851217594078875
288,229,Mainframe,MFT,229,6.555341537810089,19.95122478942249,3.6773484459964254,24.419363243947327
289,10753,BakeryToken,BAKE,10753,3.093509507585764,18.626931066758548,5.028157290450706,25.089201708290915
290,12937,LEASH,LEASH,12937,2.897495409334734,18.45035325251434,5.932635179329852,24.76744200946746
291,2630,Aleph,ALEPH,2630,5.053672123200758,19.374884966072457,2.5129378114505405,25.44516254130819
292,7780,Marlin,POND,7780,3.5149076012707345,18.849108344394367,4.65631531721799,25.09869158987798
293,2183,Single Collateral DAI,SAI,2183,11.187530390671993,22.206133842047166,7.344608729670118,22.475324542168508
294,107,Electroneum,ETN,107,5.831420022282869,19.681527236846417,2.4366825235933667,25.2360645813011
295,2687,Proton,XPR,2687,2.773132390325507,18.468636514572584,5.936920746579605,24.863287972731996
296,2995,Super Zero,SERO,2995,4.7937509798694204,19.32440544662979,3.12235874427969,25.27438593216001
297,260,IDEX,IDEX,260,6.667828046992198,20.0206016795756,3.4788698513422203,24.498655686009606
298,348,Dero,DERO,348,3.7029859279797868,18.92678021122663,4.007229239553402,25.300118666758756
299,2263,HUNT Token,HUNT,2263,5.774404689576582,19.664091523115065,2.7627644164099836,25.096004521735683
